{"version": "1", "message": "ERROR: Hidden Testcases server unreachable.", "problem_id": "ads1_m6_a1", "user_id": "Abijithhebbar", "score": {"sample": {"0": {"execution_time": 0.41447877883911133, "passed": true}, "1": {"execution_time": 0.4650704860687256, "passed": true}, "2": {"execution_time": 0.49004340171813965, "passed": true}, "3": {"execution_time": 0.4828159809112549, "passed": true}, "4": {"execution_time": 0.4603259563446045, "passed": true}, "5": {"execution_time": 0.4666934013366699, "passed": true}, "6": {"execution_time": 0.466416597366333, "passed": true}, "7": {"execution_time": 0.46265602111816406, "passed": false}, "8": {"execution_time": 10.153342008590698, "passed": false}, "9": {"execution_time": 10.180753231048584, "passed": false}, "10": {"execution_time": 10.195583820343018, "passed": false}, "11": {"execution_time": 10.211359739303589, "passed": false}}}, "check_style_score": "0/1"}