{"version": "1", "message": "ERROR: Hidden Testcases server unreachable.", "problem_id": "ads1_m6_a1", "user_id": "Abijithhebbar", "score": {"sample": {"0": {"execution_time": 0.14959979057312012, "passed": true}, "1": {"execution_time": 0.15076112747192383, "passed": true}, "2": {"execution_time": 0.15278840065002441, "passed": true}, "3": {"execution_time": 0.1495828628540039, "passed": true}, "4": {"execution_time": 0.1538839340209961, "passed": true}, "5": {"execution_time": 0.16673874855041504, "passed": true}, "6": {"execution_time": 0.14986109733581543, "passed": true}, "7": {"execution_time": 0.15213298797607422, "passed": false}, "8": {"execution_time": 10.182011127471924, "passed": false}, "9": {"execution_time": 10.171238660812378, "passed": false}, "10": {"execution_time": 10.177188396453857, "passed": false}, "11": {"execution_time": 10.213666200637817, "passed": false}}}, "check_style_score": "0/1"}