{"version": "1", "message": "ERROR: Hidden Testcases server unreachable.", "problem_id": "ads1_m6_a1", "user_id": "Abijithhebbar", "score": {"sample": {"0": {"execution_time": 0.15219736099243164, "passed": true}, "1": {"execution_time": 0.152573823928833, "passed": true}, "2": {"execution_time": 0.15311694145202637, "passed": true}, "3": {"execution_time": 0.1511390209197998, "passed": true}, "4": {"execution_time": 0.14589476585388184, "passed": true}, "5": {"execution_time": 0.15381240844726562, "passed": true}, "6": {"execution_time": 0.1508197784423828, "passed": false}, "7": {"execution_time": 0.15076541900634766, "passed": false}, "8": {"execution_time": 0.13135766983032227, "passed": false}, "9": {"execution_time": 0.13003921508789062, "passed": false}, "10": {"execution_time": 0.1326768398284912, "passed": false}, "11": {"execution_time": 0.13922452926635742, "passed": false}}}, "check_style_score": "0/1"}