{"version": "1", "message": "ERROR: Hidden Testcases server unreachable.", "problem_id": "ads1_m6_a1", "user_id": "Abijithhebbar", "score": {"sample": {"0": {"execution_time": 0.15108847618103027, "passed": true}, "1": {"execution_time": 0.15084385871887207, "passed": true}, "2": {"execution_time": 0.1443936824798584, "passed": true}, "3": {"execution_time": 0.1490466594696045, "passed": true}, "4": {"execution_time": 0.15180039405822754, "passed": true}, "5": {"execution_time": 0.15430474281311035, "passed": true}, "6": {"execution_time": 0.14882898330688477, "passed": false}, "7": {"execution_time": 0.14878582954406738, "passed": false}, "8": {"execution_time": 10.17219066619873, "passed": false}, "9": {"execution_time": 10.176031589508057, "passed": false}, "10": {"execution_time": 10.182088136672974, "passed": false}, "11": {"execution_time": 10.170394659042358, "passed": false}}}, "check_style_score": "0/1"}