{"version": "1", "message": "ERROR: Hidden Testcases server unreachable.", "problem_id": "ads1_m6_a1", "user_id": "Abijithhebbar", "score": {"sample": {"0": {"execution_time": 0.15662693977355957, "passed": true}, "1": {"execution_time": 0.1518723964691162, "passed": true}, "2": {"execution_time": 0.15272998809814453, "passed": true}, "3": {"execution_time": 0.14798951148986816, "passed": true}, "4": {"execution_time": 0.14363884925842285, "passed": true}, "5": {"execution_time": 0.14064598083496094, "passed": true}, "6": {"execution_time": 0.14942550659179688, "passed": true}, "7": {"execution_time": 0.149336576461792, "passed": false}, "8": {"execution_time": 10.179083824157715, "passed": false}, "9": {"execution_time": 10.179141283035278, "passed": false}, "10": {"execution_time": 10.173522233963013, "passed": false}, "11": {"execution_time": 10.179783344268799, "passed": false}}}, "check_style_score": "0/1"}