{"version": "1", "message": "ERROR: Hidden Testcases server unreachable.", "problem_id": "ads1_m6_a1", "user_id": "Abijithhebbar", "score": {"sample": {"0": {"execution_time": 0.15012598037719727, "passed": true}, "1": {"execution_time": 0.15395808219909668, "passed": true}, "2": {"execution_time": 0.15916895866394043, "passed": true}, "3": {"execution_time": 0.15062832832336426, "passed": true}, "4": {"execution_time": 0.16573643684387207, "passed": true}, "5": {"execution_time": 0.15357661247253418, "passed": true}, "6": {"execution_time": 0.15256547927856445, "passed": true}, "7": {"execution_time": 0.15255498886108398, "passed": false}, "8": {"execution_time": 10.17921257019043, "passed": false}, "9": {"execution_time": 10.178481340408325, "passed": false}, "10": {"execution_time": 10.184382200241089, "passed": false}, "11": {"execution_time": 10.175050020217896, "passed": false}}}, "check_style_score": "0/1"}