{"version": "1", "message": "ERROR: Hidden Testcases server unreachable.", "problem_id": "ads1_m6_a1", "user_id": "Abijithhebbar", "score": {"sample": {"0": {"execution_time": 0.38697099685668945, "passed": true}, "1": {"execution_time": 0.3985249996185303, "passed": true}, "2": {"execution_time": 0.3864450454711914, "passed": true}, "3": {"execution_time": 0.3777925968170166, "passed": true}, "4": {"execution_time": 0.3866584300994873, "passed": true}, "5": {"execution_time": 0.3938472270965576, "passed": true}, "6": {"execution_time": 0.3522653579711914, "passed": true}, "7": {"execution_time": 0.3918430805206299, "passed": false}, "8": {"execution_time": 0.35562801361083984, "passed": false}, "9": {"execution_time": 0.4554324150085449, "passed": false}, "10": {"execution_time": 0.35069847106933594, "passed": false}, "11": {"execution_time": 0.33344078063964844, "passed": false}}}, "check_style_score": "0/1"}