{"version": "1", "message": "ERROR: Hidden Testcases server unreachable.", "problem_id": "ads1_m6_a1", "user_id": "Abijithhebbar", "score": {"sample": {"0": {"execution_time": 0.15161705017089844, "passed": true}, "1": {"execution_time": 0.15264153480529785, "passed": false}, "2": {"execution_time": 0.1520841121673584, "passed": false}, "3": {"execution_time": 0.15325927734375, "passed": true}, "4": {"execution_time": 0.15092778205871582, "passed": false}, "5": {"execution_time": 0.1521444320678711, "passed": false}, "6": {"execution_time": 0.15110325813293457, "passed": false}, "7": {"execution_time": 0.14989161491394043, "passed": false}, "8": {"execution_time": 0.1305844783782959, "passed": false}, "9": {"execution_time": 0.1302487850189209, "passed": false}, "10": {"execution_time": 0.13033747673034668, "passed": false}, "11": {"execution_time": 0.13167023658752441, "passed": false}}}, "check_style_score": "0/1"}