{"version": "1", "message": "ERROR: Hidden Testcases server unreachable.", "problem_id": "ads1_m6_a1", "user_id": "Abijithhebbar", "score": {"sample": {"0": {"execution_time": 0.42595887184143066, "passed": true}, "1": {"execution_time": 0.42491602897644043, "passed": true}, "2": {"execution_time": 0.43950462341308594, "passed": true}, "3": {"execution_time": 0.4200553894042969, "passed": true}, "4": {"execution_time": 0.39965271949768066, "passed": true}, "5": {"execution_time": 0.4071953296661377, "passed": true}, "6": {"execution_time": 0.3801088333129883, "passed": false}, "7": {"execution_time": 0.38575267791748047, "passed": false}, "8": {"execution_time": 0.3875565528869629, "passed": false}, "9": {"execution_time": 0.37822985649108887, "passed": false}, "10": {"execution_time": 0.3305046558380127, "passed": false}, "11": {"execution_time": 0.36180925369262695, "passed": false}}}, "check_style_score": "0/1"}