{"version": "1", "message": "ERROR: Hidden Testcases server unreachable.", "problem_id": "ads1_m6_a1", "user_id": "Abijithhebbar", "score": {"sample": {"0": {"execution_time": 0.1576225757598877, "passed": true}, "1": {"execution_time": 0.14864277839660645, "passed": true}, "2": {"execution_time": 0.154402494430542, "passed": true}, "3": {"execution_time": 0.15459108352661133, "passed": true}, "4": {"execution_time": 0.15149235725402832, "passed": true}, "5": {"execution_time": 0.15477824211120605, "passed": true}, "6": {"execution_time": 0.1518871784210205, "passed": true}, "7": {"execution_time": 0.14970874786376953, "passed": false}, "8": {"execution_time": 0.1302788257598877, "passed": false}, "9": {"execution_time": 0.12987709045410156, "passed": false}, "10": {"execution_time": 0.1312248706817627, "passed": false}, "11": {"execution_time": 0.13256096839904785, "passed": false}}}, "check_style_score": "0/1"}